model,lambda,arrived,dropped,served,instant_nsys,instant_nq,total_nsys,total_nq,total_wait,total_sojourn,avg_nsys,avg_nq,avg_wait,avg_sojourn,drop_prob
M/M/3/8,4.0,112,0,112,0,0,14.668182056654448,0.007825389268490746,0.01565077853698149,14.668182056654448,0.4889394018884816,0.00026084630894969153,0.00013973909408019188,0.130965911220129,0.0
M/M/3/8,4.0,133,0,133,0,0,18.554709870516756,0.26198764513971007,0.5239752902794201,18.554709870516756,0.6184903290172252,0.008732921504657003,0.003939663836687369,0.13950909677080267,0.0
M/M/3/8,4.0,123,0,122,1,0,12.920545667440473,0.0,0.0,12.920545667440475,0.4306848555813491,0.0,0.0,0.10590611202820062,0.0
M/M/3/8,4.0,119,0,119,0,0,16.058959827088152,0.06347102214125311,0.12694204428250622,16.058959827088152,0.5352986609029384,0.0021157007380417704,0.0010667398679202202,0.13494924224443824,0.0
M/M/3/8,4.0,112,0,112,0,0,12.572863368569436,0.02430529630083811,0.04861059260167622,12.572863368569436,0.4190954456189812,0.0008101765433612703,0.0004340231482292519,0.11225770864794139,0.0
M/M/3/8,4.0,122,0,121,1,0,17.088295161079433,0.7718793759293039,1.5437587518586078,17.076182659528616,0.5696098387026478,0.025729312530976798,0.0127583367922199,0.14112547652502988,0.0
M/M/3/8,4.0,117,0,117,0,0,15.104546052385382,0.166383081947302,0.332766163894604,15.104546052385382,0.5034848684128461,0.005546102731576733,0.002844155246962427,0.12909868420842208,0.0
M/M/3/8,4.0,133,0,131,2,0,16.783375488100134,0.11266591585809671,0.22533183171619342,16.723102363601093,0.5594458496033378,0.0037555305286032237,0.0017200903184442246,0.1276572699511534,0.0
M/M/3/8,4.0,125,0,125,0,0,15.019220134626526,0.005736984299911541,0.011473968599823081,15.019220134626526,0.5006406711542175,0.00019123280999705134,9.179174879858465e-05,0.1201537610770122,0.0
M/M/3/8,4.0,91,0,90,1,0,12.41188839707243,0.0,0.0,12.41188839707243,0.41372961323574764,0.0,0.0,0.13790987107858255,0.0
M/M/3/8,4.0,119,0,118,1,0,17.101099043725235,0.8133068419167122,1.6266136838334244,16.988171311010685,0.5700366347908411,0.027110228063890407,0.013784861727401902,0.14396755348314139,0.0
M/M/3/8,4.0,127,0,127,0,0,14.95798877204542,0.009470979288192183,0.018941958576384366,14.95798877204542,0.49859962573484734,0.0003156993096064061,0.00014914928012901076,0.11777943914996393,0.0
M/M/3/8,4.0,104,0,104,0,0,11.182868975925981,0.0,0.0,11.182868975925981,0.3727622991975327,0.0,0.0,0.10752758630698059,0.0
M/M/3/8,4.0,114,0,114,0,0,15.381649153304853,0.0,0.0,15.381649153304853,0.512721638443495,0.0,0.0,0.1349267469588145,0.0
M/M/3/8,4.0,119,0,119,0,0,13.829152219004264,0.010950687812846027,0.021901375625692054,13.829152219004264,0.46097174063347546,0.00036502292709486757,0.0001840451733251433,0.11621136318490978,0.0
M/M/3/8,4.0,126,0,125,1,0,14.815772992508798,0.0,0.0,14.741075104415447,0.49385909975029324,0.0,0.0,0.11792860083532358,0.0
M/M/3/8,4.0,108,0,107,1,0,11.46985458146467,0.0,0.0,11.320290550668538,0.38232848604882236,0.0,0.0,0.10579710795017326,0.0
M/M/3/8,4.0,130,0,130,0,0,18.17893710619161,0.07877672074717879,0.15755344149435757,18.17893710619161,0.605964570206387,0.002625890691572626,0.0012119495499565967,0.13983797773993548,0.0
M/M/3/8,4.0,125,0,125,0,0,16.693679488801695,0.0,0.0,16.693679488801695,0.5564559829600565,0.0,0.0,0.13354943591041357,0.0
M/M/3/8,4.0,132,0,132,0,0,17.827597790317885,0.6908831566930154,1.3817663133860307,17.827597790317885,0.5942532596772628,0.023029438556433846,0.01046792661656084,0.13505755901755973,0.0
M/M/3/8,4.0,115,0,115,0,0,15.97775425568391,0.3707346579264641,0.7414693158529282,15.97775425568391,0.532591808522797,0.012357821930882137,0.006447559268286332,0.13893699352768618,0.0
M/M/3/8,4.0,121,0,121,0,0,12.828843998807852,0.060999151108769745,0.12199830221753949,12.828843998807852,0.42762813329359506,0.0020333050369589914,0.0010082504315499132,0.10602350412237894,0.0
M/M/3/8,4.0,120,0,120,0,0,14.452717638701298,0.0747359382054329,0.1494718764108658,14.452717638701298,0.4817572546233766,0.0024911979401810963,0.0012455989700905481,0.12043931365584415,0.0
M/M/3/8,4.0,98,0,97,1,0,11.873397052449171,0.0,0.0,11.819561703862636,0.3957799017483057,0.0,0.0,0.12185115158621274,0.0
M/M/3/8,4.0,111,0,110,1,0,14.002471922416202,0.02487961820403406,0.04975923640806812,14.002471922416202,0.46674906408054007,0.0008293206068011353,0.00045235669461880107,0.12729519929469274,0.0
M/M/3/8,4.0,113,0,113,0,0,13.519854902309614,0.0754287771709814,0.1508575543419628,13.519854902309614,0.4506618300769871,0.0025142925723660465,0.0013350226047961309,0.11964473364875765,0.0
M/M/3/8,4.0,107,0,107,0,0,12.308653070803004,0.0,0.0,12.308653070803004,0.4102884356934335,0.0,0.0,0.1150341408486262,0.0
M/M/3/8,4.0,127,0,127,0,0,17.352826457689698,0.2579499985424505,0.515899997084901,17.352826457689698,0.5784275485896566,0.00859833328474835,0.004062204701455913,0.13663642880070628,0.0
M/M/3/8,4.0,119,0,117,2,0,15.591279455866374,0.15039303810021654,0.3007860762004331,15.562131821184613,0.5197093151955458,0.005013101270007218,0.0025708211641062655,0.13300967368533856,0.0
M/M/3/8,4.0,119,0,119,0,0,12.805069169772958,0.0,0.0,12.805069169772958,0.42683563899243193,0.0,0.0,0.107605623275403,0.0
M/M/3/8,4.0,111,0,111,0,0,12.960759293798274,0.07980587939672379,0.15961175879344758,12.960759293798274,0.4320253097932758,0.002660195979890793,0.0014379437729139422,0.11676359724142589,0.0
M/M/3/8,4.0,122,0,120,2,0,13.638291807791521,0.11371288275874125,0.2274257655174825,12.8058067740761,0.4546097269263841,0.003790429425291375,0.0018952147126456876,0.10671505645063416,0.0
M/M/3/8,4.0,114,0,114,0,0,15.807315686905886,0.0,0.0,15.807315686905886,0.5269105228968629,0.0,0.0,0.13866066392022708,0.0
M/M/3/8,4.0,116,0,116,0,0,14.658438785650105,0.052497400084270396,0.10499480016854079,14.658438785650105,0.48861462618833684,0.0017499133361423465,0.0009051275876598345,0.12636585160043196,0.0
M/M/3/8,4.0,118,0,118,0,0,13.706070912019765,0.04569989949109399,0.09139979898218797,13.706070912019765,0.45686903040065885,0.0015233299830364662,0.0007745745676456608,0.1161531433222014,0.0
M/M/3/8,4.0,104,0,104,0,0,13.59665343813488,0.10996331518382618,0.21992663036765236,13.59665343813488,0.45322178127116264,0.0036654438394608728,0.0021146791381505036,0.13073705228975846,0.0
M/M/3/8,4.0,124,0,123,1,0,15.825840161096378,0.0,0.0,15.82584016109638,0.5275280053698793,0.0,0.0,0.1286653671633852,0.0
M/M/3/8,4.0,108,0,107,1,0,12.689793548566584,0.08584833576205941,0.17169667152411883,12.689793548566584,0.4229931182855528,0.002861611192068647,0.0016046417899450358,0.11859620138847275,0.0
M/M/3/8,4.0,107,0,107,0,0,14.678241176191406,0.20742410188379878,0.41484820376759757,14.678241176191406,0.4892747058730469,0.00691413672945996,0.0038770860165196035,0.13717982407655518,0.0
M/M/3/8,4.0,118,0,118,0,0,15.980589387314643,0.0,0.0,15.980589387314645,0.5326863129104881,0.0,0.0,0.13542872362131056,0.0
M/M/3/8,4.0,105,0,105,0,0,14.76893330388416,0.3661745914489245,0.732349182897849,14.76893330388416,0.4922977767961386,0.01220581971496415,0.006974754122836657,0.14065650765603963,0.0
M/M/3/8,4.0,96,0,96,0,0,11.15563831869893,0.0,0.0,11.15563831869893,0.37185461062329767,0.0,0.0,0.11620456581978052,0.0
M/M/3/8,4.0,114,0,112,2,0,15.46944536529849,0.09857396021137177,0.19714792042274354,15.396555651499764,0.5156481788432831,0.0032857986737123922,0.0017602492894887817,0.13746924688839074,0.0
M/M/3/8,4.0,121,0,121,0,0,15.725307484305791,0.046421640998488556,0.09284328199697711,15.725307484305791,0.5241769161435264,0.001547388033282952,0.0007672998512146869,0.12996121887856027,0.0
M/M/3/8,4.0,124,0,123,1,0,16.69077799140022,0.051553144043358756,0.10310628808671751,16.631689943972997,0.5563592663800073,0.0017184381347786252,0.000838262504770061,0.13521699141441462,0.0
M/M/3/8,4.0,125,0,124,1,0,14.578690779186827,0.05329539608775047,0.10659079217550094,14.578690779186827,0.48595635930622755,0.0017765132029250155,0.0008596031627056527,0.11757008692892602,0.0
M/M/3/8,4.0,110,0,109,1,0,13.065797795100947,0.0,0.0,13.065797795100947,0.43552659317003156,0.0,0.0,0.11986970454221052,0.0
M/M/3/8,4.0,113,0,113,0,0,14.934485456007993,0.0,0.0,14.934485456007993,0.4978161818669331,0.0,0.0,0.1321635881062654,0.0
M/M/3/8,4.0,120,0,120,0,0,14.508535580874888,0.01878677874606005,0.0375735574921201,14.508535580874888,0.4836178526958296,0.0006262259582020017,0.00031311297910100084,0.1209044631739574,0.0
M/M/3/8,4.0,108,0,108,0,0,14.896375932299415,0.0024404569558491573,0.004880913911698315,14.896375932299415,0.4965458644099805,8.134856519497191e-05,4.519364733053995e-05,0.13792940678055013,0.0
M/M/3/8,4.0,107,0,107,0,0,14.731812155864931,0.029375630108003037,0.058751260216006074,14.731812155864931,0.4910604051954977,0.000979187670266768,0.0005490771982804306,0.13768048743799002,0.0
M/M/3/8,4.0,114,0,112,2,0,14.71093348521234,0.03492296462038036,0.06984592924076072,14.628194340652716,0.490364449507078,0.0011640988206793454,0.0006236243682210778,0.13060887804154211,0.0
M/M/3/8,4.0,116,0,116,0,0,16.055610382501072,0.0,0.0,16.055610382501072,0.5351870127500358,0.0,0.0,0.1384104343319058,0.0
M/M/3/8,4.0,126,0,126,0,0,16.301853701589213,0.075548943065054,0.151097886130108,16.301853701589213,0.5433951233863071,0.0025182981021684664,0.0011991895724611746,0.12937979128245408,0.0
M/M/3/8,4.0,127,0,127,0,0,14.846036043055479,0.03769795434632783,0.07539590869265567,14.846036043055479,0.4948678681018493,0.0012565984782109277,0.0005936685723831155,0.11689792159886205,0.0
M/M/3/8,4.0,118,0,118,0,0,17.066941894660026,0.02211919500932069,0.04423839001864138,17.066941894660026,0.5688980631553342,0.0007373065003106898,0.00037490161032746936,0.1446351008022036,0.0
M/M/3/8,4.0,101,0,100,1,0,11.997540925940353,0.0,0.0,11.945559894463909,0.3999180308646784,0.0,0.0,0.11945559894463909,0.0
M/M/3/8,4.0,119,0,119,0,0,13.75925465962332,0.0718186552453215,0.143637310490643,13.75925465962332,0.458641821987444,0.00239395517484405,0.0012070362226104454,0.11562398873633042,0.0
M/M/3/8,4.0,126,0,125,1,0,16.014828307123402,0.0,0.0,15.90770565340648,0.5338276102374467,0.0,0.0,0.12726164522725184,0.0
M/M/3/8,4.0,122,0,122,0,0,15.37951727673716,0.09991027050211443,0.19982054100422886,15.37951727673716,0.5126505758912386,0.003330342350070481,0.0016378732869199086,0.12606161702243573,0.0
M/M/3/8,4.0,116,0,113,3,0,16.12838354778593,0.053036363850560875,0.08152833454163755,15.889324868374691,0.5376127849261977,0.001767878795018696,0.0007214896862091819,0.1406134944103955,0.0
M/M/3/8,4.0,107,0,107,0,0,13.537187265181622,0.25613908339364766,0.5122781667872953,13.537187265181622,0.45123957550605404,0.008537969446454923,0.004787646418572853,0.1265157688334731,0.0
M/M/3/8,4.0,129,0,129,0,0,16.01290702876023,0.038334859371293994,0.07666971874258799,16.01290702876023,0.533763567625341,0.0012778286457097998,0.0005943389049813023,0.12413106223845141,0.0
M/M/3/8,4.0,123,0,123,0,0,19.482674376578426,0.42921207334869527,0.8584241466973905,19.482674376578423,0.6494224792192809,0.014307069111623176,0.006979058103230817,0.15839572663884896,0.0
M/M/3/8,4.0,124,0,122,2,0,14.044529095536651,0.053169578934603834,0.10633915786920767,13.806449490852538,0.46815096985122173,0.0017723192978201278,0.0008716324415508826,0.11316761877747981,0.0
M/M/3/8,4.0,115,0,113,2,0,15.481039199253509,0.08343661611193287,0.16687323222386574,15.41648664229092,0.516034639975117,0.002781220537064429,0.0014767542674678385,0.13642908533000814,0.0
M/M/3/8,4.0,111,0,110,1,0,15.93939373305141,0.0,0.0,15.93939373305141,0.531313124435047,0.0,0.0,0.14490357939137646,0.0
M/M/3/8,4.0,107,0,106,1,0,14.970274617492926,0.14872889286311874,0.2974577857262375,14.970274617492926,0.49900915391643086,0.004957629762103958,0.0028062055257192216,0.14122900582540496,0.0
M/M/3/8,4.0,115,0,115,0,0,14.578858837528664,0.329075518973843,0.658151037947686,14.578858837528664,0.4859619612509555,0.010969183965794767,0.005723052503892922,0.1267726855437275,0.0
M/M/3/8,4.0,117,0,117,0,0,13.69253309492845,0.007768181773890603,0.015536363547781207,13.69253309492845,0.45641776983094834,0.0002589393924630201,0.000132789432032318,0.11703019739255086,0.0
M/M/3/8,4.0,125,0,123,2,0,18.048082686217384,0.20114191465049203,0.40228382930098405,18.037178570647644,0.6016027562072461,0.006704730488349734,0.0032706002382193824,0.1466437282166475,0.0
M/M/3/8,4.0,120,0,120,0,0,14.132456796868365,0.011886545493862144,0.023773090987724288,14.132456796868365,0.4710818932289455,0.00039621818312873813,0.00019810909156436907,0.11777047330723638,0.0
M/M/3/8,4.0,98,0,98,0,0,11.78187881676779,0.05936756346533656,0.11873512693067312,11.78187881676779,0.3927292938922597,0.0019789187821778855,0.0012115829278640114,0.12022325323232438,0.0
M/M/3/8,4.0,99,0,98,1,0,14.775534982346976,0.027992718014922202,0.055985436029844404,14.435265522585379,0.4925178327448992,0.0009330906004974067,0.0005712799594882082,0.14729862778148345,0.0
M/M/3/8,4.0,145,0,145,0,0,12.76525518683348,0.029470734103316687,0.058941468206633374,12.76525518683348,0.4255085062277827,0.0009823578034438897,0.0004064928841836784,0.08803624266781711,0.0
M/M/3/8,4.0,109,0,109,0,0,12.864071557856779,0.0,0.0,12.864071557856779,0.4288023852618926,0.0,0.0,0.1180190051179521,0.0
M/M/3/8,4.0,120,0,119,1,0,13.770705658755348,0.08759209850060934,0.17518419700121868,13.77070565875535,0.4590235219585116,0.002919736616686978,0.0014721361092539386,0.11572021561979286,0.0
M/M/3/8,4.0,105,0,105,0,0,11.988232987980803,0.0,0.0,11.988232987980803,0.3996077662660268,0.0,0.0,0.11417364750457908,0.0
M/M/3/8,4.0,118,0,117,1,0,13.672587271379125,0.0027569546833312586,0.005513909366662517,13.634989807114245,0.4557529090459708,9.189848944437528e-05,4.712743048429502e-05,0.11653837441977986,0.0
M/M/3/8,4.0,123,0,123,0,0,13.965175067656041,0.1671109367482,0.3342218734964,13.965175067656041,0.4655058355885347,0.005570364558273333,0.002717251004035772,0.11353800868013042,0.0
M/M/3/8,4.0,112,0,112,0,0,16.66387711869356,0.0,0.0,16.66387711869356,0.5554625706231187,0.0,0.0,0.14878461713119248,0.0
M/M/3/8,4.0,126,0,124,2,0,16.437728180900063,0.19378841487267717,0.38757682974535435,16.341083276906204,0.5479242726966688,0.0064596138290892394,0.0031256195947205996,0.13178292965246938,0.0
M/M/3/8,4.0,116,0,116,0,0,14.590305311319288,0.008703894578211191,0.017407789156422382,14.590305311319288,0.4863435103773096,0.00029012981927370636,0.00015006714790019295,0.1257784940630973,0.0
M/M/3/8,4.0,119,0,117,2,0,14.383986345549483,0.0,0.0,14.140812313891585,0.4794662115183161,0.0,0.0,0.12086164370847509,0.0
M/M/3/8,4.0,123,0,122,1,0,16.195116863018523,0.4212821128911557,0.8425642257823114,15.851368724419569,0.5398372287672841,0.014042737096371856,0.00690626414575665,0.12992925183950466,0.0
M/M/3/8,4.0,139,0,139,0,0,17.82823719073108,0.06859223036681783,0.13718446073363566,17.82823719073108,0.5942745730243694,0.0022864076788939275,0.0009869385664290336,0.12826069921389266,0.0
M/M/3/8,4.0,129,0,129,0,0,18.59654043676722,0.0,0.0,18.596540436767224,0.619884681225574,0.0,0.0,0.14415922819199398,0.0
M/M/3/8,4.0,126,0,125,1,0,14.029672288920604,0.0884886516825798,0.1769773033651596,13.969391784353537,0.4676557429640201,0.00294962172275266,0.0014158184269212769,0.11175513427482829,0.0
M/M/3/8,4.0,128,0,128,0,0,14.128033929069147,0.007425852604608707,0.014851705209217414,14.128033929069147,0.4709344643023049,0.00024752842015362354,0.00011602894694701105,0.11037526507085271,0.0
M/M/3/8,4.0,115,0,115,0,0,13.550974045273831,0.011956120197755382,0.023912240395510764,13.550974045273831,0.45169913484246105,0.0003985373399251794,0.00020793252517835447,0.11783455691542462,0.0
M/M/3/8,4.0,101,0,99,2,0,13.554094521589134,0.0713014603507709,0.08926766626081672,13.376874126109088,0.4518031507196378,0.0023767153450256965,0.0009016935985941084,0.13511994066776856,0.0
M/M/3/8,4.0,136,0,136,0,0,14.003417740331518,0.0021906619201921274,0.004381323840384255,14.003417740331518,0.46678059134438393,7.302206400640424e-05,3.221561647341364e-05,0.10296630691420233,0.0
M/M/3/8,4.0,127,0,126,1,0,15.021345338241222,0.1310692720418185,0.262138544083637,15.019255092652681,0.5007115112747074,0.004368975734727284,0.0020804646355844208,0.11920043724327525,0.0
M/M/3/8,4.0,115,0,115,0,0,11.527579599977832,0.30587305592088754,0.6117461118417751,11.527579599977832,0.3842526533325944,0.010195768530696252,0.0053195314073197835,0.1002398226085029,0.0
M/M/3/8,4.0,114,0,114,0,0,14.481076131297286,0.0,0.0,14.481076131297286,0.4827025377099095,0.0,0.0,0.12702698360787093,0.0
M/M/3/8,4.0,110,0,110,0,0,14.568716980728563,0.44784873169949435,0.8956974633989887,14.568716980728563,0.4856238993576188,0.014928291056649811,0.00814270421271808,0.13244288164298695,0.0
M/M/3/8,4.0,112,0,112,0,0,11.23226082971949,0.0,0.0,11.23226082971949,0.374408694323983,0.0,0.0,0.10028804312249544,0.0
M/M/3/8,4.0,125,0,125,0,0,15.474878064643441,0.14268795404890255,0.2853759080978051,15.474878064643441,0.5158292688214481,0.004756265134963419,0.002283007264782441,0.12379902451714753,0.0
M/M/3/8,4.0,119,0,117,2,0,16.047848883407983,0.019029339076274354,0.03805867815254871,15.947859865738227,0.5349282961135995,0.0006343113025424785,0.0003252878474576813,0.13630649457895921,0.0
M/M/3/8,4.0,133,0,133,0,0,18.589446617034834,0.07168544536051158,0.14337089072102316,18.58944661703483,0.6196482205678279,0.002389514845350386,0.0010779766219625802,0.13977027531605135,0.0
M/M/3/8,6.0,196,0,196,0,0,26.801888124304178,1.4425390018935156,2.885078003787031,26.801888124304178,0.8933962708101393,0.04808463339645052,0.014719785733607302,0.13674432716481724,0.0
M/M/3/8,6.0,160,0,156,4,1,19.36714427491304,0.1364101166337175,0.15402863387531696,19.06982248722762,0.6455714758304347,0.004547003887790583,0.0009873630376622882,0.12224245184120268,0.0
M/M/3/8,6.0,173,0,172,1,0,17.176783191384022,0.016033168780671403,0.032066337561342806,17.176783191384022,0.5725594397128008,0.0005344389593557134,0.00018643219512408607,0.09986501855455826,0.0
M/M/3/8,6.0,186,0,185,1,0,24.892400292439962,0.5241900708237113,1.0483801416474225,24.892400292439966,0.8297466764146654,0.017473002360790375,0.005666919684580662,0.13455351509427008,0.0
M/M/3/8,6.0,174,0,173,1,0,22.50567080746695,0.12200093970405135,0.2440018794081027,22.486819559360157,0.750189026915565,0.004066697990135045,0.0014104154879081082,0.12998161595005872,0.0
M/M/3/8,6.0,177,0,176,1,0,19.800185414458102,0.4134778934664576,0.8269557869329152,19.729309986501605,0.6600061804819367,0.013782596448881919,0.0046986124257552,0.11209835219603184,0.0
M/M/3/8,6.0,165,0,164,1,0,20.914105961354643,0.3167073326198082,0.6334146652396164,20.914105961354647,0.6971368653784881,0.010556911087326941,0.0038622845441440025,0.12752503634972345,0.0
M/M/3/8,6.0,193,0,192,1,0,24.338291951519814,0.4382499235764734,0.8764998471529468,24.259026419484506,0.8112763983839938,0.014608330785882447,0.004565103370588265,0.12634909593481514,0.0
M/M/3/8,6.0,186,0,186,0,0,23.53365430360791,0.8700105815064665,1.740021163012933,23.53365430360791,0.784455143453597,0.029000352716882217,0.009354952489316844,0.12652502313767694,0.0
M/M/3/8,6.0,190,0,189,1,0,25.085083526883622,0.8131632688896793,1.6263265377793585,24.867379267134698,0.8361694508961207,0.027105442296322644,0.008604902316292903,0.13157343527584497,0.0
M/M/3/8,6.0,138,0,138,0,0,16.7525165464873,0.22311999310763397,0.44623998621526795,16.7525165464873,0.5584172182162433,0.007437333103587799,0.0032336230885164343,0.12139504743831377,0.0
M/M/3/8,6.0,167,0,166,1,0,21.406288257492843,0.32902570887752347,0.6580514177550469,21.32959765924898,0.7135429419164281,0.010967523629250782,0.003964165167199078,0.12849155216415048,0.0
M/M/3/8,6.0,162,0,160,2,0,18.692010953826358,0.4424077607397132,0.8848155214794264,18.61349334062625,0.623067031794212,0.01474692535799044,0.005530097009246416,0.11633433337891405,0.0
M/M/3/8,6.0,178,0,178,0,0,21.985459448137277,0.09959474430327475,0.1991894886065495,21.985459448137277,0.7328486482712425,0.0033198248101091584,0.0011190420708233118,0.12351381712436672,0.0
M/M/3/8,6.0,171,0,169,2,0,19.56702081793959,0.07885062773730311,0.15770125547460623,19.403983318452823,0.652234027264653,0.0026283542579101037,0.00093314352351838,0.11481646933995754,0.0
M/M/3/8,6.0,166,0,165,1,0,20.762509822819723,0.4875218464510598,0.9750436929021196,20.453523854064656,0.6920836607606574,0.016250728215035325,0.0059093557145583,0.12396075063069488,0.0
M/M/3/8,6.0,199,0,199,0,0,26.635460874960216,1.1499941889256808,2.2999883778513617,26.635460874960216,0.8878486958320072,0.03833313963085603,0.011557730541966642,0.13384653706010158,0.0
M/M/3/8,6.0,188,0,186,2,0,25.159501412746963,1.6341271593218671,3.2682543186437343,25.128715193643956,0.8386500470915654,0.05447090531072891,0.017571259777654485,0.13510061932066642,0.0
M/M/3/8,6.0,169,0,169,0,0,19.810527111087854,0.11089840506521442,0.22179681013042885,19.810527111087854,0.6603509037029285,0.003696613502173814,0.001312407160535082,0.11722205391176245,0.0
M/M/3/8,6.0,180,0,178,2,0,26.476897938170094,0.6130605990674702,1.2261211981349405,26.139195336282636,0.8825632646056698,0.020435353302249007,0.006888321337836744,0.14684941200158785,0.0
M/M/3/8,6.0,164,0,164,0,0,22.04547855455094,0.10698887750635544,0.21397775501271088,22.04547855455094,0.734849285151698,0.0035662959168785147,0.0013047424086140907,0.13442364972287157,0.0
M/M/3/8,6.0,171,0,170,1,0,21.469840972206654,0.31708279438757536,0.6341655887751507,21.469840972206658,0.7156613657402218,0.010569426479585845,0.003730385816324416,0.12629318218945093,0.0
M/M/3/8,6.0,190,0,188,2,0,23.111566130451678,0.05867559177837478,0.11735118355674956,23.01287984829086,0.7703855376817226,0.0019558530592791593,0.0006242084231741998,0.12240893536324926,0.0
M/M/3/8,6.0,150,0,150,0,0,19.463014414329283,0.25098915252420095,0.5019783050484019,19.463014414329283,0.6487671471443094,0.008366305084140031,0.0033465220336560127,0.1297534294288619,0.0
M/M/3/8,6.0,174,0,173,1,0,24.34765858221567,0.21247982885996297,0.42495965771992594,24.33115591146818,0.811588619407189,0.0070826609619987655,0.0024564142064735606,0.14064251971946926,0.0
M/M/3/8,6.0,174,0,174,0,0,22.947076369882037,0.5355573332624068,1.0711146665248137,22.947076369882037,0.7649025456627345,0.017851911108746895,0.006155831416809274,0.13187974925219562,0.0
M/M/3/8,6.0,175,0,175,0,0,21.635902694689907,0.12043224017978704,0.24086448035957408,21.635902694689904,0.7211967564896635,0.004014408005992901,0.0013763684591975662,0.1236337296839423,0.0
M/M/3/8,6.0,169,0,167,2,0,22.154350634587743,0.19392876613006305,0.3878575322601261,21.942890137925012,0.7384783544862581,0.006464292204335435,0.002322500193174408,0.13139455172410186,0.0
M/M/3/8,6.0,190,0,188,2,0,22.761580577603716,0.4025603268621949,0.8051206537243898,22.6367921819155,0.7587193525867906,0.013418677562073163,0.004282556668746754,0.12040846905274202,0.0
M/M/3/8,6.0,157,0,156,1,0,17.770585517817743,0.21125330095918393,0.42250660191836786,17.77058551781774,0.5923528505939247,0.0070417766986394644,0.002708375653322871,0.11391400972960089,0.0
M/M/3/8,6.0,163,0,163,0,0,19.53681767556501,0.2638214855215981,0.5276429710431962,19.53681767556501,0.651227255852167,0.008794049517386604,0.003237073441982799,0.11985777715070559,0.0
M/M/3/8,6.0,182,0,180,2,0,22.28066862178302,0.5430092981459351,1.0860185962918703,22.17281392608241,0.7426889540594339,0.018100309938197837,0.006033436646065946,0.12318229958934672,0.0
M/M/3/8,6.0,198,0,198,0,0,28.1229515522898,1.9922285779723823,3.9844571559447646,28.12295155228981,0.93743171840966,0.06640761926574608,0.020123520989620024,0.14203510884994852,0.0
M/M/3/8,6.0,175,0,174,1,0,22.669083458167723,0.1533838404873622,0.3067676809747244,22.669083458167723,0.7556361152722574,0.005112794682912074,0.0017630326492800252,0.13028208884004439,0.0
M/M/3/8,6.0,159,0,159,0,0,17.771151826477197,0.0031023578114393047,0.006204715622878609,17.771151826477197,0.59237172754924,0.00010341192704797683,3.9023368697349746e-05,0.11176825048098867,0.0
M/M/3/8,6.0,173,0,172,1,0,20.892233481216177,0.16144221673857473,0.32288443347714946,20.752345597050436,0.6964077827072059,0.005381407224619158,0.00187723507835552,0.12065317207587463,0.0
M/M/3/8,6.0,144,0,143,1,0,18.683414509178217,0.07488809346848058,0.14977618693696115,18.68341450917822,0.6227804836392739,0.002496269782282686,0.001047385922636092,0.1306532483159316,0.0
M/M/3/8,6.0,186,0,186,0,0,20.5715276273036,0.04377531340907481,0.08755062681814962,20.5715276273036,0.6857175875767866,0.001459177113635827,0.00047070229472123454,0.11059961089948171,0.0
M/M/3/8,6.0,176,0,175,1,0,21.304482617652045,0.19628451289381976,0.3925690257876395,21.304482617652045,0.7101494205884015,0.006542817096460659,0.002243251575929369,0.1217399006722974,0.0
M/M/3/8,6.0,166,0,166,0,0,22.000178562965036,0.4618384184640907,0.9236768369281814,22.000178562965036,0.7333392854321679,0.015394613948803022,0.0055643182947480805,0.13253119616243997,0.0
M/M/3/8,6.0,182,0,182,0,0,20.69922834212657,0.5614996633702773,1.1229993267405547,20.69922834212657,0.6899742780708856,0.01871665544567591,0.006170325971101949,0.1137320238578383,0.0
M/M/3/8,6.0,182,0,181,1,0,23.75371383269208,0.7307916986811505,1.461583397362301,23.513264257198184,0.7917904610897359,0.024359723289371683,0.008075046394266856,0.12990753733258664,0.0
M/M/3/8,6.0,170,0,169,1,0,20.82146559687835,0.2866124217161179,0.5700938981664194,20.736704470922337,0.6940488532292783,0.009553747390537264,0.0033733366755409433,0.12270239331906709,0.0
M/M/3/8,6.0,162,0,161,1,0,20.96754049416081,0.29644470217393515,0.5928894043478703,20.96754049416081,0.698918016472027,0.009881490072464505,0.003682542884148263,0.13023317077118515,0.0
M/M/3/8,6.0,172,0,172,0,0,22.30741982474067,0.2532876281838501,0.5065752563677002,22.30741982474067,0.743580660824689,0.00844292093946167,0.002945204978881978,0.12969430130663182,0.0
M/M/3/8,6.0,188,0,188,0,0,25.325497888184135,0.6939093620791832,1.3878187241583664,25.325497888184138,0.8441832629394711,0.023130312069306106,0.007382014490204076,0.13471009514991564,0.0
M/M/3/8,6.0,151,0,151,0,0,20.31564992800371,0.3646441210400031,0.7292882420800062,20.315649928003715,0.6771883309334571,0.01215480403466677,0.004829723457483484,0.13454072800002462,0.0
M/M/3/8,6.0,168,0,168,0,0,20.165304225309857,0.4426220642007088,0.8852441284014176,20.165304225309857,0.6721768075103286,0.014754068806690295,0.0052693102881036765,0.12003157276970153,0.0
M/M/3/8,6.0,169,0,168,1,0,21.814816430977885,0.11755600321345838,0.23511200642691676,21.74006385312184,0.7271605476992629,0.0039185334404486126,0.0013994762287316473,0.1294051419828681,0.0
M/M/3/8,6.0,159,0,157,2,0,20.05003478587557,0.06783664024271019,0.13567328048542038,19.938549171555298,0.668334492862519,0.002261221341423673,0.0008641610222001298,0.12699712848124395,0.0
M/M/3/8,6.0,167,0,165,2,0,20.98524991061491,0.0865804805300181,0.1731609610600362,20.967673339554693,0.6995083303538304,0.00288601601766727,0.0010494603700608254,0.1270768081185133,0.0
M/M/3/8,6.0,170,0,169,1,0,23.38213992748389,0.0710843474286591,0.1421686948573182,23.38213992748389,0.7794046642494631,0.00236947824762197,0.0008412348808125338,0.13835585755907628,0.0
M/M/3/8,6.0,195,1,193,1,0,23.38528280080819,1.1499840358003426,2.299968071600685,23.17592586098611,0.7795094266936063,0.03833280119334475,0.011916933013475052,0.12008251741443579,0.005128205128205128
M/M/3/8,6.0,175,0,175,0,0,22.437516809776746,0.2922885266613946,0.5845770533227892,22.43751680977675,0.7479172269925581,0.009742950888713154,0.0033404403047016524,0.12821438177015285,0.0
M/M/3/8,6.0,191,0,191,0,0,25.541121667005317,0.11609844385665369,0.23219688771330738,25.541121667005317,0.8513707222335106,0.003869948128555123,0.0012156905115879967,0.13372315008903307,0.0
M/M/3/8,6.0,164,0,163,1,0,21.41187360333366,0.4859234230502063,0.9718468461004126,21.411873603333657,0.713729120111122,0.016197447435006878,0.005962250589573084,0.13136118775051323,0.0
M/M/3/8,6.0,217,0,215,2,0,26.589469468790405,0.431411980884294,0.862823961768588,26.305296140810604,0.8863156489596802,0.0143803993628098,0.004013134705900409,0.12235021460842141,0.0
M/M/3/8,6.0,165,0,165,0,0,21.323497318736557,0.11677446121572643,0.23354892243145287,21.323497318736557,0.7107832439578853,0.0038924820405242143,0.001415448014736078,0.12923331708325186,0.0
M/M/3/8,6.0,164,0,164,0,0,18.67989571601067,0.2299941603495761,0.4599883206991522,18.679895716010666,0.622663190533689,0.007666472011652536,0.0028048068335314157,0.1139018031464065,0.0
M/M/3/8,6.0,177,0,177,0,0,21.274986715222813,0.0,0.0,21.274986715222813,0.7091662238407604,0.0,0.0,0.120197665057756,0.0
M/M/3/8,6.0,182,0,182,0,0,23.30871431760005,0.39997902844437583,0.7999580568887517,23.30871431760005,0.7769571439200017,0.013332634281479194,0.004395373938949185,0.12806985888791236,0.0
M/M/3/8,6.0,172,0,171,1,0,24.847025567586147,1.3254896923278956,2.650979384655791,24.594522624356596,0.8282341855862049,0.044182989744263185,0.015502803419039715,0.14382761768629587,0.0
M/M/3/8,6.0,155,0,155,0,0,22.695253341402218,0.30394249531052075,0.6078849906210415,22.69525334140222,0.7565084447134073,0.010131416510350691,0.00392183864916801,0.14642098929936917,0.0
M/M/3/8,6.0,159,0,159,0,0,20.504695204093515,0.4476497532380481,0.8952995064760962,20.504695204093515,0.6834898401364505,0.014921658441268271,0.00563081450613897,0.1289603471955567,0.0
M/M/3/8,6.0,171,0,171,0,0,24.071839486632538,0.7447953128774074,1.4895906257548148,24.071839486632538,0.802394649554418,0.024826510429246915,0.00871105629096383,0.14077099114989788,0.0
M/M/3/8,6.0,190,0,189,1,0,23.321063730012444,0.9651181994054499,1.9302363988108997,23.32106373001244,0.7773687910004148,0.03217060664684833,0.010212890998999469,0.1233918715873674,0.0
M/M/3/8,6.0,157,0,157,0,0,18.205621973413358,0.23310219605866145,0.4662043921173229,18.20562197341336,0.6068540657804452,0.007770073201955382,0.0029694547268619294,0.1159593756268367,0.0
M/M/3/8,6.0,176,0,176,0,0,21.041301807406654,0.733800340890177,1.467600681780354,21.04130180740665,0.7013767269135551,0.0244600113630059,0.008338640237388374,0.11955285117844688,0.0
M/M/3/8,6.0,178,0,177,1,0,22.5344811858,0.6513971713804994,1.3027943427609987,22.5344811858,0.75114937286,0.021713239046016644,0.007360420015598863,0.12731345302711866,0.0
M/M/3/8,6.0,176,0,175,1,0,21.433492807244118,0.06249613573367929,0.12499227146735858,21.30817592672216,0.7144497602414706,0.0020832045244559764,0.0007142415512420491,0.1217610052955552,0.0
M/M/3/8,6.0,165,0,165,0,0,18.27606627722544,0.25911701568613266,0.5182340313722653,18.276066277225443,0.609202209240848,0.008637233856204423,0.0031408123113470625,0.11076403804379056,0.0
M/M/3/8,6.0,182,0,180,2,0,17.775355054142423,0.17667080398000978,0.35334160796001957,17.534673688318737,0.5925118351380808,0.0058890267993336595,0.00196300893311122,0.09741485382399298,0.0
M/M/3/8,6.0,153,0,152,1,0,18.889566179757022,0.4543116043176014,0.9086232086352029,18.56151876147967,0.6296522059919007,0.015143720143920047,0.005977784267336861,0.12211525500973468,0.0
M/M/3/8,6.0,170,0,170,0,0,18.4835708126288,0.00878963790554721,0.01757927581109442,18.4835708126288,0.6161190270876266,0.000292987930184907,0.00010340750477114365,0.10872688713311057,0.0
M/M/3/8,6.0,186,0,183,3,0,22.538241885453882,0.0022488595413410195,0.004497719082682039,22.33410803874936,0.7512747295151294,7.496198471136731e-05,2.4577699905366332e-05,0.12204430622267409,0.0
M/M/3/8,6.0,162,0,160,2,0,19.15089931643606,0.007761515117607587,0.015523030235215174,18.89892771500951,0.6383633105478687,0.0002587171705869196,9.701893897009483e-05,0.11811829821880944,0.0
M/M/3/8,6.0,179,0,177,2,0,20.32820453008247,0.27328525854121466,0.5465705170824293,20.2377404438904,0.6776068176694157,0.009109508618040489,0.0030879690230645723,0.11433751663214914,0.0
M/M/3/8,6.0,180,0,178,2,0,22.350763878333364,0.4744810816409002,0.9489621632818004,22.227255267932797,0.7450254626111121,0.015816036054696673,0.005331248108324721,0.12487222060636403,0.0
M/M/3/8,6.0,183,0,183,0,0,23.35805953157669,0.4003353571058881,0.8006707142117762,23.35805953157669,0.7786019843858897,0.013344511903529603,0.004375249804435935,0.1276396695714573,0.0
M/M/3/8,6.0,183,0,182,1,0,22.129220405980874,0.05921689902707161,0.11843379805414322,21.908775515383777,0.7376406801993625,0.0019738966342357205,0.0006507351541436441,0.12037788744716361,0.0
M/M/3/8,6.0,184,0,182,2,0,22.24479514574933,0.14207342247429944,0.2841468449485989,21.852249141389645,0.7414931715249776,0.004735780749143314,0.0015612464008164773,0.12006730297466837,0.0
M/M/3/8,6.0,157,0,156,1,0,19.09094936964909,0.14757662256795712,0.29515324513591423,19.017601831147907,0.6363649789883029,0.004919220752265237,0.001892007981640476,0.12190770404581992,0.0
M/M/3/8,6.0,180,0,179,1,0,23.010998336375703,0.6961653922912241,1.3923307845824482,22.802558529182363,0.7670332778791901,0.023205513076374137,0.007778384271410325,0.127388595135097,0.0
M/M/3/8,6.0,150,0,150,0,0,15.81114882760294,0.08424767484981643,0.16849534969963287,15.81114882760294,0.5270382942534313,0.0028082558283272145,0.0011233023313308858,0.10540765885068627,0.0
M/M/3/8,6.0,174,0,174,0,0,21.285210654097142,0.5508766691305946,1.1017533382611893,21.28521065409714,0.7095070218032381,0.018362555637686486,0.0063319157371332715,0.12232879686262724,0.0
M/M/3/8,6.0,178,0,178,0,0,20.978502968836498,0.31528708872185796,0.6305741774437159,20.978502968836498,0.6992834322945499,0.010509569624061932,0.0035425515586725615,0.11785675825189043,0.0
M/M/3/8,6.0,166,0,165,1,0,24.70276647971775,0.30963912973997854,0.6192782594799571,24.70276647971775,0.823425549323925,0.010321304324665952,0.0037532015726058003,0.14971373624071363,0.0
M/M/3/8,6.0,161,0,159,2,0,22.09246767276384,0.7384241392903679,1.4768482785807358,21.820215150135162,0.7364155890921279,0.024614137976345596,0.00928835395333796,0.1372340575480199,0.0
M/M/3/8,6.0,153,0,153,0,0,18.003869549273386,0.03861307557126992,0.07722615114253983,18.003869549273386,0.6001289849757795,0.0012871025190423306,0.0005047460858989531,0.11767234999525089,0.0
M/M/3/8,6.0,169,0,169,0,0,25.13142052168219,0.43851624139007317,0.8770324827801463,25.13142052168219,0.8377140173894063,0.014617208046335772,0.005189541318225718,0.14870663030581177,0.0
M/M/3/8,6.0,159,0,159,0,0,16.054758866563745,0.0,0.0,16.054758866563745,0.5351586288854582,0.0,0.0,0.10097332620480343,0.0
M/M/3/8,6.0,184,0,184,0,0,26.69549539943507,0.44512892060982434,0.8902578412196487,26.69549539943507,0.8898498466478357,0.014837630686994145,0.004838357832715482,0.14508421412736452,0.0
M/M/3/8,6.0,162,0,160,2,0,22.321367318913246,1.126741754769092,2.253483509538184,22.158294759713975,0.7440455772971082,0.03755805849230307,0.014084271934613651,0.13848934224821235,0.0
M/M/3/8,6.0,179,0,179,0,0,20.295283276679474,0.4076784802067297,0.8153569604134594,20.295283276679474,0.6765094425559824,0.013589282673557657,0.0045550668179522875,0.1133814708194384,0.0
M/M/3/8,6.0,178,0,178,0,0,26.831046062772412,1.009378118071906,2.018756236143812,26.831046062772412,0.8943682020924137,0.03364593726906353,0.011341327169347257,0.15073621383580008,0.0
M/M/3/8,6.0,162,0,161,1,0,20.810112537048298,0.0733080383488609,0.1466160766977218,20.810112537048298,0.6936704179016099,0.0024436012782953634,0.000910658861476533,0.12925535737297078,0.0
M/M/3/8,6.0,173,0,172,1,0,26.469140439192003,0.9338347015011412,1.8676694030022825,26.469140439192,0.8823046813064,0.031127823383371375,0.010858543040710945,0.15389035139065116,0.0
M/M/3/8,6.0,165,0,164,1,0,22.76636286928861,0.6664779141085415,1.332955828217083,22.465477689321425,0.7588787623096204,0.022215930470284716,0.008127779440348067,0.13698462005683795,0.0
M/M/3/8,6.0,149,0,149,0,0,19.14746379239377,0.1848331831957566,0.3696663663915132,19.14746379239377,0.6382487930797923,0.00616110610652522,0.0024809823247752562,0.1285064684053273,0.0
M/M/3/8,6.0,183,0,181,2,0,22.706715384992222,0.7942155743850545,1.588431148770109,22.39026859188282,0.7568905128330741,0.026473852479501816,0.008775862700387342,0.12370314139161778,0.0
M/M/3/8,8.0,216,0,213,3,0,27.135698630763915,1.1717497382492774,2.333829646508236,26.415038631714282,0.9045232876921305,0.03905832460830925,0.010956946697221765,0.12401426587659287,0.0
M/M/3/8,8.0,236,0,235,1,0,31.83933482401116,1.0519427763389158,2.1038855526778315,31.83933482401115,1.061311160800372,0.03506475921129719,0.008952704479480133,0.1354865311660049,0.0
M/M/3/8,8.0,233,0,231,2,0,28.545457191103093,0.907687280852393,1.815374561704786,28.400666518530816,0.9515152397034364,0.030256242695079767,0.007858764336384355,0.1229466083053282,0.0
M/M/3/8,8.0,253,0,252,1,0,36.54242089990022,1.5081500407111017,3.0163000814222034,36.41624409061147,1.2180806966633406,0.05027166802370339,0.011969444767548427,0.1445089051214741,0.0
M/M/3/8,8.0,256,0,256,0,0,32.64882390997957,1.2721702776677413,2.5443405553354825,32.648823909979555,1.0882941303326523,0.042405675922258045,0.009938830294279229,0.12753446839835764,0.0
M/M/3/8,8.0,234,0,234,0,0,31.59495073987455,1.0593829723973824,2.118765944794765,31.59495073987455,1.053165024662485,0.03531276574657941,0.009054555319635747,0.1350211570080109,0.0
M/M/3/8,8.0,244,0,243,1,0,30.106936070277296,0.8292438524716346,1.6584877049432691,29.943327230006414,1.00356453567591,0.027641461749054484,0.006825052283717157,0.12322356884776302,0.0
M/M/3/8,8.0,246,0,244,2,0,29.797822955002747,0.9695178830549542,1.9390357661099085,29.603713790221278,0.9932607651667582,0.03231726276849847,0.007946867893893067,0.12132669586156261,0.0
M/M/3/8,8.0,234,0,233,1,0,34.539917818128984,1.9870423514996136,3.9740847029992272,34.26684636103751,1.1513305939376328,0.06623474504998712,0.017056157523601834,0.1470680101332082,0.0
M/M/3/8,8.0,200,0,199,1,0,29.148507874680845,1.7302441188834266,3.460488237766853,29.11900654609639,0.9716169291560282,0.057674803962780886,0.017389388129481674,0.14632666606078587,0.0
M/M/3/8,8.0,239,0,239,0,0,32.07872425619439,1.2184836636745833,2.4369673273491665,32.07872425619439,1.069290808539813,0.04061612212248611,0.01019651601401325,0.13422060358240331,0.0
M/M/3/8,8.0,231,0,230,1,0,28.45704676379855,1.028594380728315,2.05718876145663,28.45704676379855,0.9485682254599517,0.034286479357610505,0.008944298962854914,0.123726290277385,0.0
M/M/3/8,8.0,243,0,241,2,0,32.580718762027104,1.4948657054783139,2.9897314109566278,32.466673639135514,1.0860239587342368,0.04982885684927713,0.012405524526790987,0.134716488129193,0.0
M/M/3/8,8.0,208,0,208,0,0,27.71388434657581,1.072332006312763,2.144664012625526,27.71388434657581,0.9237961448858604,0.03574440021042544,0.01031088467608426,0.13323982858930677,0.0
M/M/3/8,8.0,246,0,246,0,0,31.851107478244995,0.7501059583001877,1.5002119166003753,31.851107478245,1.0617035826081664,0.02500353194333959,0.006098422425204778,0.12947604665953252,0.0
M/M/3/8,8.0,228,0,227,1,0,28.011118059528528,1.25706347055314,2.51412694110628,28.00091358815866,0.9337039353176176,0.04190211568510467,0.011075449079763348,0.12335204223858441,0.0
M/M/3/8,8.0,236,0,232,4,1,34.40528264636015,2.5686858739007317,5.078013978503215,34.019163052354536,1.1468427548786717,0.08562286246335772,0.021887991286651788,0.14663432350152816,0.0
M/M/3/8,8.0,226,0,222,4,1,29.143260846011167,0.6390059956510648,1.0473760802610705,28.62739376336482,0.9714420282003722,0.021300199855035493,0.0047179102714462635,0.128952224159301,0.0
M/M/3/8,8.0,220,0,220,0,0,29.085436416634064,0.29315608889915623,0.5863121777983125,29.085436416634064,0.9695145472211355,0.009771869629971874,0.002665055353628693,0.13220652916651848,0.0
M/M/3/8,8.0,240,0,239,1,0,31.849322744317824,1.6361465464090679,3.2722930928181357,31.849322744317817,1.061644091477261,0.054538218213635595,0.013691602898820652,0.13326076462057665,0.0
M/M/3/8,8.0,233,0,232,1,0,31.49010499078878,1.070079461823904,2.140158923647808,31.205493041708017,1.049670166359626,0.03566931539413013,0.009224822946757793,0.13450643552460353,0.0
M/M/3/8,8.0,231,0,230,1,0,31.034352931413576,1.0304913244333007,2.0609826488666014,31.02922133091532,1.0344784310471191,0.03434971081444336,0.008960794125506964,0.1349096579605014,0.0
M/M/3/8,8.0,209,0,209,0,0,24.962658309761395,0.21362716865441023,0.42725433730882045,24.962658309761395,0.8320886103253798,0.007120905621813675,0.002044279125879524,0.11943855650603538,0.0
M/M/3/8,8.0,227,0,227,0,0,32.16120655795186,0.6816831882678813,1.3633663765357626,32.16120655795186,1.0720402185983953,0.02272277294226271,0.006006019279893227,0.1416793240438408,0.0
M/M/3/8,8.0,230,0,229,1,0,27.917227405159444,0.9113397086517807,1.8226794173035614,27.644614023794237,0.9305742468386481,0.03037799028839269,0.007959298765517736,0.12071883853185256,0.0
M/M/3/8,8.0,212,0,211,1,0,23.878467719912873,0.5207697109019171,1.0415394218038343,23.878467719912873,0.7959489239970957,0.017358990363397237,0.004936205790539499,0.11316809345930272,0.0
M/M/3/8,8.0,227,0,226,1,0,29.066832775661602,0.46768019037489506,0.9353603807497901,28.861371023684978,0.9688944258553868,0.015589339679163169,0.004138762746680487,0.12770518152073,0.0
M/M/3/8,8.0,221,0,218,3,0,28.098187993360845,0.6281703040590725,1.256340608118145,27.96695484996448,0.9366062664453615,0.020939010135302416,0.005763030312468555,0.1282887837154334,0.0
M/M/3/8,8.0,240,0,239,1,0,29.25912380324647,0.700227520210269,1.400455040420538,29.25912380324647,0.9753041267748823,0.023340917340342302,0.005859644520588026,0.12242311214747477,0.0
M/M/3/8,8.0,224,0,222,2,0,27.84737466283435,0.41006264457587616,0.8201252891517523,27.67681667717542,0.9282458220944784,0.013668754819195873,0.0036942580592421274,0.12467034539268207,0.0
M/M/3/8,8.0,220,0,220,0,0,26.20756903905102,0.5775229142876173,1.1550458285752345,26.20756903905102,0.873585634635034,0.01925076380958724,0.005250208311705611,0.11912531381386827,0.0
M/M/3/8,8.0,248,0,246,2,0,32.449585266599584,3.047124665970028,6.094249331940057,31.97906533604242,1.081652842219986,0.10157082219900095,0.024773371268049012,0.12999620055301797,0.0
M/M/3/8,8.0,242,0,241,1,0,30.64732538805997,1.5544210743961533,3.1088421487923066,30.449642763412665,1.0215775129353324,0.05181403581320511,0.012899759953495049,0.1263470654083513,0.0
M/M/3/8,8.0,229,0,227,2,0,26.473888900603527,0.858395449882325,1.71679089976465,26.324903031270974,0.8824629633534509,0.028613181662744167,0.007562955505571145,0.11596873582057698,0.0
M/M/3/8,8.0,224,0,224,0,0,28.05665024509836,1.32463279265022,2.64926558530044,28.056650245098357,0.935221674836612,0.044154426421674,0.011827078505805536,0.12525290287990337,0.0
M/M/3/8,8.0,242,0,242,0,0,31.077316499849246,0.9656765987732077,1.9313531975464153,31.077316499849235,1.0359105499949748,0.032189219959106924,0.007980798336968659,0.1284186632225175,0.0
M/M/3/8,8.0,221,0,221,0,0,28.01376994299063,0.5245250174682228,1.0490500349364456,28.01376994299063,0.9337923314330211,0.01748416724894076,0.004746832737268984,0.12675914001353228,0.0
M/M/3/8,8.0,242,0,241,1,0,27.851263964289696,0.4280208184815588,0.8560416369631176,27.680962399904246,0.9283754654763232,0.014267360616051961,0.0035520399873988284,0.1148587651448309,0.0
M/M/3/8,8.0,219,0,218,1,0,25.054899730685243,0.09770346892540482,0.19540693785080965,24.599605452095364,0.8351633243561748,0.003256782297513494,0.0008963621002330718,0.11284222684447415,0.0
M/M/3/8,8.0,240,0,239,1,0,33.61748144980749,2.2917655589164907,4.583531117832981,33.30941834894523,1.120582714993583,0.07639218529721635,0.019177954467920425,0.13936995125081686,0.0
M/M/3/8,8.0,245,0,242,3,0,32.95160066617476,1.0712680431651949,2.1425360863303897,32.7359134630706,1.098386688872492,0.03570893477217316,0.008853454902191693,0.13527236968210993,0.0
M/M/3/8,8.0,224,0,223,1,0,29.255744869034036,1.9995414886521115,3.999082977304223,29.066984932496243,0.9751914956344678,0.06665138295507038,0.0179331075215436,0.13034522391253922,0.0
M/M/3/8,8.0,223,2,218,3,0,34.47053117972677,2.9480853764598303,5.8961707529196605,34.42019566109828,1.1490177059908924,0.09826951254866101,0.0270466548299067,0.1578908057848545,0.008968609865470852
M/M/3/8,8.0,254,0,253,1,0,34.70262917580524,1.9112802002690614,3.822560400538123,34.66102738711699,1.1567543058601748,0.06370934000896872,0.015108934389478747,0.13700010824947426,0.0
M/M/3/8,8.0,230,0,227,3,0,27.65183615201289,0.7904465054632106,1.5808930109264212,27.251294026587438,0.921727871733763,0.026348216848773687,0.006964286391746349,0.12004975342109003,0.0
M/M/3/8,8.0,236,0,236,0,0,31.229820582795686,1.2116101212402919,2.4232202424805838,31.22982058279569,1.0409940194265228,0.040387004041343065,0.010267882383392305,0.13232974823218513,0.0
M/M/3/8,8.0,243,0,241,2,0,32.980364210633155,0.7488663953820209,1.4977327907640419,32.90559545530419,1.099345473687772,0.024962213179400696,0.006214658882838348,0.1365377404784406,0.0
M/M/3/8,8.0,246,0,246,0,0,32.78423164146285,0.4956648370867158,0.9913296741734317,32.78423164146286,1.092807721382095,0.01652216123622386,0.004029795423469235,0.13326923431488968,0.0
M/M/3/8,8.0,254,0,252,2,0,31.349420003044976,0.8867704748387086,1.7735409496774173,31.004264073785528,1.0449806667681658,0.029559015827956954,0.007037860911418323,0.12303279394359337,0.0
M/M/3/8,8.0,214,0,212,2,0,26.974866991689574,0.9226772937333889,1.8453545874667778,26.90709465836488,0.8991622330563191,0.030755909791112965,0.008704502771069707,0.12692025782247585,0.0
M/M/3/8,8.0,243,0,243,0,0,33.34014566836362,1.337810233606623,2.675620467213246,33.3401456683636,1.1113381889454539,0.044593674453554104,0.011010783815692371,0.13720224554882138,0.0
M/M/3/8,8.0,215,1,213,1,0,27.307260151082364,2.69032117436085,5.3806423487217,27.127314545068014,0.9102420050360788,0.089677372478695,0.025261231684139438,0.1273582842491456,0.004651162790697674
M/M/3/8,8.0,245,0,244,1,0,32.95683615157226,1.3378769261632102,2.6156035318645303,32.85712654168432,1.0985612050524087,0.044595897538773674,0.010719686606002173,0.13466035467903412,0.0
M/M/3/8,8.0,223,0,223,0,0,30.305117102849255,1.4109381908249312,2.8218763816498624,30.305117102849255,1.0101705700949752,0.047031273027497704,0.012654154177802074,0.13589738611143165,0.0
M/M/3/8,8.0,250,0,249,1,0,32.54966904424892,0.601781413711012,1.203562827422024,32.54966904424891,1.0849889681416307,0.020059380457033735,0.004833585652297285,0.13072156242670244,0.0
M/M/3/8,8.0,223,0,222,1,0,29.124360138875353,1.049264939871596,2.098529879743192,29.070576837182674,0.9708120046291785,0.03497549799571987,0.009452837296140505,0.13094854431163366,0.0
M/M/3/8,8.0,217,0,217,0,0,26.428298749890452,0.46735782426514483,0.9347156485302897,26.428298749890452,0.8809432916630151,0.015578594142171494,0.00430744538493221,0.12178939516078549,0.0
M/M/3/8,8.0,211,0,208,3,0,27.69949826863705,1.6357810246323519,3.2650550870225015,27.301748492415253,0.9233166089545684,0.05452603415441173,0.01569738022606972,0.13125840621353488,0.0
M/M/3/8,8.0,235,0,235,0,0,28.145993603546355,0.4937423206503504,0.9874846413007008,28.145993603546355,0.9381997867848785,0.01645807735501168,0.004202062303407237,0.11977018554700576,0.0
M/M/3/8,8.0,219,0,218,1,0,26.655018769664203,0.34174585892204057,0.6834917178440811,26.519546076261317,0.8885006256554734,0.011391528630734686,0.003135283109376519,0.12164929392780421,0.0
M/M/3/8,8.0,237,0,236,1,0,31.929808500057653,1.20787334847849,2.41574669695698,31.899680254115346,1.0643269500019217,0.040262444949283,0.010236214817614322,0.1351681366699803,0.0
M/M/3/8,8.0,236,0,236,0,0,30.35937465199941,1.225750409323902,2.451500818647804,30.359374651999403,1.011979155066647,0.0408583469774634,0.010387715333253406,0.12864141801694662,0.0
M/M/3/8,8.0,259,0,258,1,0,35.85242563747802,2.092345877585913,4.184691755171826,35.823407594659756,1.1950808545826006,0.06974486258619711,0.016219735485162118,0.13885041703356493,0.0
M/M/3/8,8.0,213,0,211,2,0,27.767360370370806,0.4926995879107334,0.9853991758214669,27.496570984080606,0.9255786790123602,0.016423319597024446,0.004670138274035388,0.13031550229422087,0.0
M/M/3/8,8.0,212,0,210,2,0,24.663127214904172,0.19662523948315602,0.39325047896631204,24.608057485982652,0.8221042404968057,0.0065541746494385345,0.0018726213284110096,0.11718122612372692,0.0
M/M/3/8,8.0,227,0,227,0,0,29.77503033008743,0.8872233866625323,1.7744467733250646,29.77503033008743,0.9925010110029143,0.029574112888751076,0.007816946137995879,0.13116753449377722,0.0
M/M/3/8,8.0,240,0,238,2,0,32.05725011587386,1.625826766210925,3.25165353242185,31.924903790765264,1.0685750038624622,0.05419422554036416,0.013662409800091806,0.13413825122170278,0.0
M/M/3/8,8.0,229,0,229,0,0,34.21836791455614,2.4941696937667626,4.988339387533525,34.21836791455611,1.140612263818538,0.08313898979222542,0.021783141430277403,0.14942518739980834,0.0
M/M/3/8,8.0,266,0,265,1,0,36.63946411871912,1.6519348772524425,3.276492411271062,36.52870793211329,1.2213154706239706,0.05506449590841475,0.012364122306683252,0.13784418087589922,0.0
M/M/3/8,8.0,228,0,227,1,0,31.472824397809173,0.6505673261023348,1.3011346522046696,31.472824397809173,1.0490941465936392,0.021685577536744494,0.005731870714558016,0.13864680351457787,0.0
M/M/3/8,8.0,214,0,214,0,0,30.99078738354113,2.0847705060752295,4.169541012150459,30.99078738354113,1.0330262461180377,0.06949235020250764,0.019483836505375978,0.14481676347449127,0.0
M/M/3/8,8.0,227,0,225,2,0,29.197348686313454,1.3399444490383807,2.6798888980767614,28.944290003460672,0.9732449562104485,0.044664814967946026,0.011910617324785606,0.12864128890426965,0.0
M/M/3/8,8.0,262,0,261,1,0,34.02233949118742,1.0637379690454094,2.127475938090819,34.00118947390783,1.1340779830395806,0.035457932301513645,0.008151248804945666,0.13027275660501084,0.0
M/M/3/8,8.0,239,0,236,3,0,28.881716469348646,0.9218571616680711,1.8437143233361422,28.72201912903223,0.9627238823116215,0.03072857205560237,0.007812348827695517,0.12170347088572979,0.0
M/M/3/8,8.0,243,0,243,0,0,34.28133390764345,2.1561480575563365,4.312296115112673,34.281333907643436,1.1427111302547817,0.07187160191854455,0.017746074547788777,0.14107544817960263,0.0
M/M/3/8,8.0,224,0,224,0,0,24.462832089339948,0.3896588680324855,0.779317736064971,24.462832089339948,0.8154277363113316,0.012988628934416184,0.003479097036004335,0.10920907182741048,0.0
M/M/3/8,8.0,215,0,214,1,0,28.10039274133853,0.5543655900802209,1.1087311801604418,28.01422231978808,0.9366797580446177,0.01847885300267403,0.005180986823179635,0.13090758093358915,0.0
M/M/3/8,8.0,233,0,232,1,0,26.361507231297555,0.4581474891841504,0.9049050851224418,26.044613142947533,0.8787169077099185,0.015271582972805012,0.0039004529531139736,0.11226126354718764,0.0
M/M/3/8,8.0,240,0,239,1,0,29.06123250596103,0.6026429319642999,1.2052858639285997,28.94870249363503,0.968707750198701,0.020088097732143328,0.005043037087567362,0.12112427821604614,0.0
M/M/3/8,8.0,212,0,210,2,0,26.83484833778012,0.4311675394889809,0.8623350789779618,26.784706160963562,0.8944949445926706,0.014372251316299363,0.004106357518942675,0.1275462198141122,0.0
M/M/3/8,8.0,220,0,219,1,0,30.488287262325915,1.2492035722497117,2.4984071444994234,30.46680947843337,1.0162762420775304,0.04164011907499039,0.01140825180136723,0.13911785149969574,0.0
M/M/3/8,8.0,218,0,218,0,0,27.705028477525982,1.2050514869808095,2.410102973961619,27.705028477525982,0.923500949250866,0.04016838289936032,0.01105551822918174,0.12708728659415588,0.0
M/M/3/8,8.0,235,0,234,1,0,33.341619129372255,1.191189879450623,2.382379758901246,33.305105438471784,1.1113873043124085,0.039706329315020765,0.010181110080774556,0.1423295104208196,0.0
M/M/3/8,8.0,246,0,246,0,0,30.250457285856054,1.53485077313518,3.06970154627036,30.250457285856054,1.0083485761952018,0.05116169243783933,0.012478461570204715,0.12296933856039047,0.0
M/M/3/8,8.0,226,0,225,1,0,30.532357901091103,1.65873986019204,3.31747972038408,30.520179537026543,1.0177452633697035,0.055291328673068,0.014744354312818134,0.13564524238678463,0.0
M/M/3/8,8.0,237,2,235,0,0,32.92186004757865,2.318028739855487,4.636057479710974,32.92186004757866,1.0973953349192882,0.07726762466184957,0.01972790416898287,0.14009302147905814,0.008438818565400843
M/M/3/8,8.0,229,0,228,1,0,29.996741997185968,1.5507254611525587,3.1014509223051174,29.996741997185957,0.9998913999061989,0.05169084870508529,0.013602854922390866,0.13156465788239455,0.0
M/M/3/8,8.0,240,0,238,2,0,32.050865882125755,1.388432424039518,2.776864848079036,31.811196946262502,1.0683621960708585,0.04628108080131727,0.011667499361676622,0.13366049137085084,0.0
M/M/3/8,8.0,206,0,206,0,0,26.727908036600237,0.6683180414295924,1.3366360828591848,26.727908036600233,0.8909302678866745,0.02227726804765308,0.0064885246740737125,0.12974712639126326,0.0
M/M/3/8,8.0,214,0,214,0,0,26.075955426846416,0.27706878061999607,0.5541375612399921,26.075955426846416,0.8691985142282139,0.009235626020666536,0.0025894278562616454,0.12185025900395521,0.0
M/M/3/8,8.0,227,0,226,1,0,29.141902552518598,0.7739970526833226,1.5479941053666453,28.975081490375494,0.9713967517506199,0.025799901756110754,0.006849531439675422,0.12820832517865263,0.0
M/M/3/8,8.0,249,0,249,0,0,33.20225689168983,2.415188338370325,4.83037667674065,33.202256891689814,1.106741896389661,0.08050627794567751,0.019399103119440365,0.13334239715538077,0.0
M/M/3/8,8.0,227,0,226,1,0,28.520660262874753,0.8641976364603465,1.728395272920693,28.48247667571972,0.9506886754291585,0.028806587882011552,0.00764776669433935,0.1260286578571669,0.0
M/M/3/8,8.0,215,0,214,1,0,29.377297224813955,1.6173100357683992,3.2346200715367983,29.377297224813955,0.9792432408271318,0.05391033452561331,0.015115047063256067,0.13727708983557924,0.0
M/M/3/8,8.0,239,0,237,2,0,29.10588439386066,1.7499233248132553,3.4926687809883052,28.964731243308027,0.970196146462022,0.058330777493775174,0.014736999075900021,0.12221405587893683,0.0
M/M/3/8,8.0,245,0,244,1,0,31.93917667923683,1.0204314688006573,2.0408629376013145,31.939176679236834,1.0646392226412276,0.034014382293355246,0.008364192367218502,0.13089826507883948,0.0
M/M/3/8,8.0,225,0,224,1,0,29.335448187057533,0.670324282651225,1.34064856530245,29.335448187057533,0.9778482729019178,0.022344142755040833,0.005985038237957366,0.1309618222636497,0.0
M/M/3/8,8.0,225,0,223,2,0,28.285147839526058,1.3071029616780727,2.6142059233561454,28.111606197251646,0.9428382613175352,0.043570098722602424,0.011722896517292133,0.12606101433745132,0.0
M/M/3/8,8.0,269,0,269,0,0,34.61503104888376,1.8270576628258026,3.6541153256516052,34.61503104888376,1.1538343682961252,0.06090192209419342,0.013584071842571023,0.12868041282112921,0.0
M/M/3/8,8.0,204,0,202,2,0,27.688366648188538,0.6894814709819652,1.3789629419639304,27.677492448295702,0.9229455549396179,0.02298271569939884,0.00682654921764322,0.13701728934799853,0.0
M/M/3/8,12.0,355,0,354,1,0,45.20629184181748,4.090737224390836,8.181474448781673,45.206291841817446,1.5068763947272494,0.13635790747969453,0.02311150974232111,0.1277013893836651,0.0
M/M/3/8,12.0,341,0,339,2,0,44.97122604226025,3.0807559862353138,6.161511972470627,44.87119147520987,1.4990408680753415,0.10269186620784379,0.01817555154121129,0.132363396682035,0.0
M/M/3/8,12.0,373,1,369,3,0,51.91435674759365,6.839003554368356,13.541031749589337,50.75667602021149,1.7304785582531217,0.22796678514561186,0.03669656300701717,0.13755196753444848,0.002680965147453083
M/M/3/8,12.0,369,1,361,7,4,56.26782004116879,10.381888498784644,19.173697783074953,54.63323991883588,1.875594001372293,0.3460629499594881,0.053112736241204855,0.1513386147336174,0.0027100271002710027
M/M/3/8,12.0,366,2,363,1,0,52.35410313839426,7.1355508934237815,14.271101786847563,52.332961005507585,1.7451367712798087,0.23785169644745938,0.0393143299913156,0.14416793665429087,0.00546448087431694
M/M/3/8,12.0,355,0,354,1,0,44.41949688399087,3.675803818045692,7.351607636091384,44.392197099504074,1.480649896133029,0.1225267939348564,0.020767253209297693,0.1254016867217629,0.0
M/M/3/8,12.0,325,0,323,2,0,39.89741418493467,1.9216149865585188,3.789661725762529,39.620801329884046,1.3299138061644888,0.06405383288528396,0.011732698841370058,0.12266501959716422,0.0
M/M/3/8,12.0,361,2,359,0,0,51.17250111189692,7.621902882555933,15.243805765111867,51.17250111189693,1.7057500370632306,0.2540634294185311,0.04246185449891885,0.14254178582701094,0.00554016620498615
M/M/3/8,12.0,298,0,295,3,0,37.3491077063403,2.432989788820347,4.850371748448094,36.693857617216665,1.2449702568780099,0.0810996596273449,0.016441938130332522,0.12438595802446327,0.0
M/M/3/8,12.0,333,1,331,1,0,44.55738082506333,3.511876422112084,7.023752844224168,44.55738082506335,1.485246027502111,0.11706254740373613,0.02121979711245972,0.13461444358025182,0.003003003003003003
M/M/3/8,12.0,373,1,371,1,0,49.9100085769721,5.830347191990827,11.660694383981655,49.91000857697214,1.6636669525657368,0.19434490639969423,0.0314304430835085,0.13452832500531575,0.002680965147453083
M/M/3/8,12.0,371,0,368,3,0,53.33645886126635,7.629910526829102,15.259821053658204,53.223011524216986,1.7778819620422117,0.2543303508943034,0.041466905037114685,0.14462774870711137,0.0
M/M/3/8,12.0,346,2,343,1,0,46.8144662809697,4.136719168147099,8.273438336294198,46.81446628096978,1.5604822093656565,0.13789063893823664,0.02412081147607638,0.13648532443431424,0.005780346820809248
M/M/3/8,12.0,339,0,338,1,0,45.43379731566461,4.563646378213182,9.127292756426364,45.18675797632089,1.5144599105221537,0.1521215459404394,0.027003824723154924,0.13368863306603815,0.0
M/M/3/8,12.0,339,1,335,3,0,48.112984897700535,5.9574780055765535,11.570763993784782,47.47403575440008,1.6037661632566844,0.1985826001858851,0.03453959401129786,0.14171353956537336,0.0029498525073746312
M/M/3/8,12.0,342,0,342,0,0,45.25865047912001,4.508591980143151,9.017183960286301,45.25865047911993,1.5086216826373335,0.15028639933810503,0.026366034971597372,0.13233523531906413,0.0
M/M/3/8,12.0,365,2,363,0,0,59.33561754603413,11.266479974415907,22.532959948831813,59.33561754603395,1.9778539182011377,0.37554933248053024,0.0620742698314926,0.16345900150422576,0.005479452054794521
M/M/3/8,12.0,345,1,339,5,2,46.36420018454214,5.050453500160234,10.084640689637503,46.127222905483066,1.545473339484738,0.16834845000534113,0.02974820262429942,0.13606850414596774,0.002898550724637681
M/M/3/8,12.0,328,3,325,0,0,49.67210758598719,6.44436717045555,12.8887343409111,49.67210758598719,1.6557369195329064,0.214812239015185,0.039657644125880305,0.15283725411072982,0.009146341463414634
M/M/3/8,12.0,319,0,317,2,0,41.34642073579437,3.397406231596017,6.794812463192034,41.30125261964727,1.378214024526479,0.1132468743865339,0.021434739631520615,0.13028786315346141,0.0
M/M/3/8,12.0,336,0,332,4,1,43.12459503647223,3.0135433778913243,6.00705002178847,42.75571135139289,1.437486501215741,0.10045144592971081,0.018093524162013465,0.1287822631066051,0.0
M/M/3/8,12.0,308,0,306,2,0,37.29741951347127,2.6837071417483473,5.367414283496695,37.145393322665086,1.243247317115709,0.08945690472494491,0.017540569553910767,0.12139017425707545,0.0
M/M/3/8,12.0,363,0,361,2,0,44.371346214975226,3.232085200007484,6.464170400014968,44.23871837402528,1.4790448738325075,0.1077361733335828,0.017906289196717363,0.12254492624383735,0.0
M/M/3/8,12.0,342,0,340,2,0,48.46956177292602,5.779153524405611,11.553662287232285,48.25641440802178,1.615652059097534,0.19263845081352038,0.03398135966833025,0.14193063061182878,0.0
M/M/3/8,12.0,358,4,351,3,0,53.34282544429396,9.803071173129219,19.606142346258437,53.25557556621996,1.7780941814764653,0.32676903910430727,0.05585795540244569,0.1517252865134472,0.0111731843575419
M/M/3/8,12.0,371,1,367,3,0,56.33649471570715,7.680527876493919,15.361055752987838,55.55746711597165,1.8778831571902381,0.2560175958831306,0.041855737746560866,0.15138274418520886,0.0026954177897574125
M/M/3/8,12.0,360,4,355,1,0,60.32720029803764,10.348543976513287,20.697087953026575,60.246333869531036,2.0109066766012544,0.34495146588377623,0.05830165620570866,0.16970798273107335,0.011111111111111112
M/M/3/8,12.0,339,0,337,2,0,48.785843670679924,5.230209897178706,10.460419794357412,48.41371808529741,1.6261947890226642,0.17434032990595685,0.031039821348241577,0.14366088452610506,0.0
M/M/3/8,12.0,323,0,318,5,2,43.520090211614836,2.839308810038547,5.60571146968721,43.11753789321649,1.4506696737204945,0.0946436270012849,0.017628023489582423,0.13558974180256758,0.0
M/M/3/8,12.0,333,0,331,2,0,44.03294384967451,3.6233769717849005,7.245473040894304,43.94496166764485,1.4677647949891504,0.12077923239283002,0.021889646649227507,0.1327642346454527,0.0
M/M/3/8,12.0,352,8,344,0,0,49.46578463245555,8.203436934610865,16.40687386922173,49.46578463245564,1.6488594877485183,0.27344789782036216,0.047694400782621306,0.14379588555946407,0.022727272727272728
M/M/3/8,12.0,359,3,354,2,0,49.92742529860343,6.125806252377453,12.251612504754906,49.65270906247656,1.6642475099534477,0.2041935417459151,0.034609074872189,0.14026189000699593,0.008356545961002786
M/M/3/8,12.0,356,1,353,2,0,53.47789637348394,8.305455501501626,16.594521457487353,53.40573409190732,1.782596545782798,0.2768485167167209,0.04700997580024746,0.15129103142183375,0.0028089887640449437
M/M/3/8,12.0,369,0,368,1,0,47.014588687695294,5.011042187042054,10.022084374084107,47.014588687695245,1.5671529562565099,0.16703473956806844,0.027233924929576377,0.12775703447743272,0.0
M/M/3/8,12.0,348,2,343,3,0,45.80579631621517,5.731161867153819,11.314139751111924,45.18370609750213,1.5268598772071724,0.1910387289051273,0.032985830178168876,0.13173092156706162,0.005747126436781609
M/M/3/8,12.0,317,0,314,3,0,46.637784407939634,5.391370395773315,10.78274079154663,46.392465071863214,1.5545928135979878,0.17971234652577717,0.03433993882658162,0.1477467040505198,0.0
M/M/3/8,12.0,343,0,342,1,0,48.46059448278846,4.3356843514312775,8.671368702862555,48.415312202640195,1.615353149426282,0.14452281171437592,0.025354879248136127,0.14156524035859705,0.0
M/M/3/8,12.0,321,0,319,2,0,46.21066568345005,3.5538921786623274,7.107784357324655,46.12567823124613,1.5403555227816683,0.11846307262207759,0.02228145566559453,0.14459460260578724,0.0
M/M/3/8,12.0,335,0,334,1,0,48.14129809824896,4.286839472461699,8.573678944923397,48.120196520796895,1.6047099366082986,0.14289464908205662,0.02566969743989041,0.1440724446730446,0.0
M/M/3/8,12.0,352,2,348,2,0,50.60494424191009,5.5179565981092225,10.979671219937302,50.41771711641488,1.6868314747303363,0.18393188660364074,0.03155077936763592,0.1448784974609623,0.005681818181818182
M/M/3/8,12.0,334,2,331,1,0,48.96666940488157,7.588863869166739,15.177727738333479,48.81521938219818,1.6322223134960523,0.25296212897222464,0.04585416235146066,0.14747800417582532,0.005988023952095809
M/M/3/8,12.0,340,0,338,2,0,44.027610715549784,4.5351843303510115,9.070368660702023,43.787382607490215,1.4675870238516595,0.15117281101170038,0.02683541023876338,0.12954846925292962,0.0
M/M/3/8,12.0,353,0,353,0,0,50.416010735853604,5.655793825422639,11.311587650845278,50.416010735853625,1.68053369119512,0.18852646084742128,0.032044157651119766,0.14282156015822556,0.0
M/M/3/8,12.0,371,1,368,2,0,51.057243058751396,7.186398031335731,14.372796062671462,50.98882092750498,1.70190810195838,0.23954660104452435,0.039056511039868104,0.1385565786073505,0.0026954177897574125
M/M/3/8,12.0,382,2,380,0,0,52.7595248401244,7.975569173257801,15.951138346515602,52.75952484012441,1.7586508280041466,0.26585230577526003,0.04197667985925158,0.13884085484243266,0.005235602094240838
M/M/3/8,12.0,344,2,341,1,0,49.265398654492486,6.450325119308662,12.900650238617324,49.265398654492444,1.6421799551497496,0.21501083731028872,0.03783181888157573,0.14447330983722123,0.005813953488372093
M/M/3/8,12.0,357,1,355,1,0,47.80254087055182,5.264036430609505,10.52807286121901,47.80254087055191,1.5934180290183941,0.17546788102031685,0.029656543271039466,0.13465504470578002,0.0028011204481792717
M/M/3/8,12.0,373,7,366,0,0,55.57998724437483,7.334208903425458,14.668417806850918,55.579987244374806,1.8526662414791608,0.24447363011418194,0.04007764428101344,0.1518578886458328,0.01876675603217158
M/M/3/8,12.0,380,4,376,0,0,53.18978977853479,7.926254627419872,15.852509254839743,53.1897897785347,1.7729929926178263,0.2642084875806624,0.042160928869254634,0.14146220685780506,0.010526315789473684
M/M/3/8,12.0,342,2,340,0,0,53.63913222481527,8.180272688596146,16.36054537719229,53.639132224815285,1.787971074160509,0.2726757562865382,0.0481192511093891,0.1577621536023979,0.005847953216374269
M/M/3/8,12.0,338,2,332,4,1,47.24941192676832,6.2358623432417515,12.333097455190638,46.66349102940812,1.5749803975589438,0.20786207810805837,0.03714788390117662,0.14055268382351843,0.005917159763313609
M/M/3/8,12.0,376,0,375,1,0,52.07819675594258,5.1999734954643415,10.399946990928683,52.00676141767997,1.7359398918647526,0.17333244984881138,0.027733191975809823,0.13868469711381326,0.0
M/M/3/8,12.0,356,3,350,3,0,53.30970020760094,7.134212800185599,13.814053554236612,52.53502138538238,1.7769900069200313,0.23780709333951996,0.039468724440676034,0.1501000611010925,0.008426966292134831
M/M/3/8,12.0,374,0,373,1,0,53.87901572819063,5.54177139296686,11.08354278593372,53.69761334231693,1.7959671909396877,0.18472571309889532,0.029714591919393348,0.14396142987216334,0.0
M/M/3/8,12.0,352,2,349,1,0,48.244634155617184,5.834111828696352,11.668223657392703,48.24463415561718,1.6081544718539063,0.1944703942898784,0.03343330560857508,0.13823677408486298,0.005681818181818182
M/M/3/8,12.0,331,1,330,0,0,42.172489441429704,3.297339855846457,6.594679711692914,42.172489441429754,1.4057496480476568,0.10991132852821522,0.01998387791422095,0.12779542254978712,0.0030211480362537764
M/M/3/8,12.0,360,0,359,1,0,60.3700983443768,11.725484389165832,23.450968778331664,60.31047777643594,2.0123366114792267,0.3908494796388611,0.0653230328087233,0.16799575982294132,0.0
M/M/3/8,12.0,354,0,352,2,0,45.93465834592113,3.2989078290041602,6.5978156580083205,45.84737541450252,1.531155278197371,0.10996359430013868,0.018743794482978183,0.13024822560938218,0.0
M/M/3/8,12.0,320,0,320,0,0,47.68483252493012,5.005725619567919,10.011451239135837,47.68483252493012,1.5894944174976708,0.16685752065226395,0.03128578512229949,0.14901510164040663,0.0
M/M/3/8,12.0,345,0,343,2,0,52.38841391250322,5.672554754209547,11.345109508419094,52.38820374795688,1.7462804637501073,0.18908515847365157,0.03307612101579911,0.15273528789491803,0.0
M/M/3/8,12.0,345,0,345,0,0,47.22159628288071,5.19445235128951,10.38890470257902,47.22159628288068,1.5740532094293571,0.17314841170965034,0.030112767253852233,0.13687419212429183,0.0
M/M/3/8,12.0,356,2,351,3,0,55.901838851125575,8.710296900326039,17.42059380065208,55.38737033981085,1.8633946283708525,0.290343230010868,0.04963132136937915,0.157798775896897,0.0056179775280898875
M/M/3/8,12.0,329,0,329,0,0,50.754420999265356,7.214066409418822,14.428132818837645,50.75442099926535,1.6918140333088452,0.24046888031396074,0.04385450704813874,0.1542687568366728,0.0
M/M/3/8,12.0,308,0,306,2,0,43.97064497310981,3.7669263847029018,7.5338527694058035,43.6792469897563,1.4656881657703271,0.12556421282343005,0.024620433886947072,0.14274263722142583,0.0
M/M/3/8,12.0,351,3,346,2,0,56.701076723718984,9.325172800260912,18.650345600521824,56.66513523174444,1.8900358907906327,0.3108390933420304,0.05390273294948504,0.16377206714377007,0.008547008547008548
M/M/3/8,12.0,341,0,340,1,0,40.36293606826868,3.566484079577326,7.132968159154652,40.31804665225313,1.3454312022756227,0.11888280265257753,0.020979318115160742,0.11858249015368567,0.0
M/M/3/8,12.0,362,0,361,1,0,45.93675952871565,4.0846126159937155,8.169225231987431,45.7704955537251,1.5312253176238548,0.13615375386645717,0.022629432775588453,0.1267880763261083,0.0
M/M/3/8,12.0,351,1,349,1,0,51.31602177942871,7.599414261638323,15.15326037563317,51.25002803445555,1.7105340593142904,0.25331380872127746,0.043419084170868684,0.1468482178637695,0.002849002849002849
M/M/3/8,12.0,381,1,378,2,0,60.22214513611363,9.175016032249829,18.112359800146244,59.40644909056259,2.0074048378704545,0.30583386774166094,0.047916295767582655,0.15715991822900155,0.0026246719160104987
M/M/3/8,12.0,376,6,370,0,0,54.86252170876607,9.750196700822599,19.500393401645198,54.86252170876613,1.8287507236255356,0.3250065566940866,0.052703765950392424,0.14827708569936793,0.015957446808510637
M/M/3/8,12.0,350,0,346,4,1,46.118316170564945,3.5526257979805846,7.105251595961169,45.758921186123615,1.5372772056854982,0.11842085993268615,0.02053540923688199,0.1322512173009353,0.0
M/M/3/8,12.0,343,0,342,1,0,50.424278248072234,5.034215107218985,10.06843021443797,50.40115999627886,1.680809274935741,0.16780717024063285,0.0294398544281812,0.14737181285461654,0.0
M/M/3/8,12.0,335,1,334,0,0,44.06907881844357,4.891702136023759,9.783404272047518,44.06907881844354,1.4689692939481191,0.16305673786745864,0.029291629557028496,0.13194334975581898,0.0029850746268656717
M/M/3/8,12.0,347,0,344,3,0,45.55767170218331,4.490794750354342,8.922721546009006,45.0583703788089,1.5185890567394438,0.14969315834514474,0.025938144029095948,0.13098363482211892,0.0
M/M/3/8,12.0,352,9,342,1,0,56.0317623270363,11.54145444758625,23.082908895172498,56.01618548723998,1.8677254109012098,0.384715148252875,0.06749388565839912,0.16379001604456134,0.02556818181818182
M/M/3/8,12.0,372,1,371,0,0,53.17351159484046,8.797134324247889,17.594268648495778,53.17351159484046,1.7724503864946821,0.29323781080826294,0.04742390471292662,0.14332482909660502,0.002688172043010753
M/M/3/8,12.0,356,0,355,1,0,50.2435440565905,5.5459812390689835,11.091962478137967,49.83572134179943,1.67478480188635,0.18486604130229944,0.031244964727149202,0.14038231363887163,0.0
M/M/3/8,12.0,342,0,340,2,0,52.75172390048863,6.441519872595672,12.883039745191343,52.69420110106172,1.7583907966829542,0.21471732908652238,0.03789129336820983,0.1549829444148874,0.0
M/M/3/8,12.0,346,2,341,3,0,53.55857053910731,8.265814395421327,16.531628790842657,53.52445000476729,1.7852856846369103,0.2755271465140442,0.048479849826518054,0.15696319649491874,0.005780346820809248
M/M/3/8,12.0,345,2,342,1,0,44.07507503827246,4.471117434592783,8.942234869185565,43.8983636948817,1.4691691679424153,0.1490372478197594,0.026146885582413935,0.12835778858152544,0.005797101449275362
M/M/3/8,12.0,339,0,339,0,0,46.91414840355024,3.65720761031611,7.31441522063222,46.91414840355024,1.5638049467850081,0.12190692034387034,0.021576446078561122,0.13838981829955824,0.0
M/M/3/8,12.0,314,1,313,0,0,47.57020431053748,6.273269594114664,12.54653918822933,47.57020431053745,1.585673477017916,0.2091089864704888,0.040084789738751854,0.15198148342024745,0.0031847133757961785
M/M/3/8,12.0,351,0,347,4,1,46.638031953470204,3.4042531915844263,6.764237397998889,45.95964061320278,1.5546010651156734,0.11347510638614754,0.019493479533138007,0.132448532026521,0.0
M/M/3/8,12.0,345,1,342,2,0,42.72949276352719,3.5513174742447604,7.102634948489521,42.43867150718694,1.4243164254509064,0.11837724914149202,0.02076793844587579,0.12408968276955246,0.002898550724637681
M/M/3/8,12.0,360,2,357,1,0,53.384396575019196,9.693415893499711,19.386831786999423,53.25554258741204,1.779479885833973,0.3231138631166571,0.054304850943975976,0.1491751893204819,0.005555555555555556
M/M/3/8,12.0,391,0,383,8,5,53.13170895591654,7.924704916396495,15.254235521150715,51.99000022310601,1.771056965197218,0.2641568305465498,0.03982829117793921,0.13574412590889298,0.0
M/M/3/8,12.0,341,1,336,4,1,53.90926864353169,8.376920175745475,16.5253592787046,53.246940488420066,1.7969756214510564,0.2792306725248492,0.04918261690090654,0.15847303716791686,0.002932551319648094
M/M/3/8,12.0,365,0,364,1,0,48.6539621695205,3.5152499503569863,7.030499900713973,48.43190763455636,1.6217987389840165,0.11717499834523287,0.019314560166796627,0.13305469130372627,0.0
M/M/3/8,12.0,319,0,318,1,0,42.583391160564496,4.420813271439562,8.841626542879125,42.58339116056445,1.4194463720188166,0.14736044238131873,0.027803857053079008,0.13391003509611463,0.0
M/M/3/8,12.0,364,1,358,5,2,54.781407341475415,6.6516058267816165,12.982005396117659,53.95733824063446,1.8260469113825137,0.22172019422605388,0.03626258490535659,0.15071882190121358,0.0027472527472527475
M/M/3/8,12.0,331,1,328,2,0,53.085874547663,8.553419015838406,16.815429607566973,52.65511574303123,1.7695291515887668,0.2851139671946135,0.051266553681606625,0.16053388946046107,0.0030211480362537764
M/M/3/8,12.0,393,3,388,2,0,59.014097841079796,10.24528638991882,20.49057277983764,58.5994601421238,1.9671365947026598,0.3415095463306273,0.05281075458721041,0.15102953644877268,0.007633587786259542
M/M/3/8,12.0,358,8,344,6,3,53.42193644697372,9.465278243839386,18.64948274969353,52.91014767785073,1.780731214899124,0.3155092747946462,0.05421361264445793,0.15380856883096142,0.0223463687150838
M/M/3/8,12.0,344,0,341,3,0,53.92091171592172,7.527328449681598,14.992450520982947,53.66642681419317,1.7973637238640572,0.25091094832271993,0.0439661305600673,0.15737955077476004,0.0
M/M/3/8,12.0,313,0,308,5,2,40.1537375397399,1.5503214760132868,2.866457056360959,39.32102061506488,1.33845791799133,0.051677382533776225,0.009306678754418698,0.12766565134761326,0.0
M/M/3/8,12.0,345,0,345,0,0,49.489160629936734,5.886344005205952,11.772688010411905,49.48916062993674,1.649638687664558,0.1962114668401984,0.034123733363512765,0.14344684240561376,0.0
M/M/3/8,12.0,352,1,349,2,0,48.39288647692071,5.837377942380389,11.674755884760778,48.29911891643738,1.613096215897357,0.19457926474601298,0.033452022592437756,0.13839289087804407,0.002840909090909091
M/M/3/8,12.0,357,0,354,3,0,46.09872371854732,3.292138343173751,6.584276686347502,45.8883438059716,1.5366241239515772,0.10973794477245838,0.018599651656348876,0.1296280898473774,0.0
M/M/3/8,12.0,329,3,325,1,0,45.95627481868621,4.534665682102057,9.069331364204114,45.94041730425522,1.5318758272895403,0.15115552273673524,0.02790563496678189,0.14135513016693915,0.00911854103343465
M/M/3/8,12.0,355,7,345,3,0,45.07837323921146,5.484555299891106,10.969110599782212,44.849735226587455,1.5026124413070485,0.1828185099963702,0.0317945234776296,0.1299992325408332,0.01971830985915493
